payment_id,merchant_id,order_id,payment_method,gateway_status,order_fulfillment,amount_paise,amount_inr,order_amount_paise,order_amount_inr,settlement_count,settled_net_amount_inr,interchange_fee_inr,tax_inr,dispute_event_count,ledger_entry_count,is_anomalous,anomaly_type,severity,finance_ops_state,exposure_inr,created_at
PAY-000001,mer_retail_kart,ORD-000001,CARD,REFUNDED,CANCELLED,5190500,51905.0,5190500,51905.0,1,50986.29,778.57,140.14,1,2,TRUE,GHOST_SETTLEMENT,CRITICAL,VERIFIED_CLOSED,50986.29,2026-08-01T09:02:00
PAY-000002,mer_tech_gadgets,ORD-000002,CARD,FAILED,CANCELLED,2604900,26049.0,2604900,26049.0,1,25587.94,390.73,70.33,0,1,TRUE,GHOST_SETTLEMENT,HIGH,DIAGNOSED,25587.94,2026-08-01T13:02:00
PAY-000003,mer_fashion_hub,ORD-000003,CARD,DISPUTED,FULFILLED,2069700,20697.0,2069700,20697.0,1,20330.67,310.45,55.88,2,3,TRUE,REFUND_CHARGEBACK_DOUBLE_DIP,HIGH,DIAGNOSED,20697.0,2026-08-01T09:05:00
PAY-000004,mer_tech_gadgets,ORD-000004,CARD,DISPUTED,FULFILLED,2114000,21140.0,2114000,21140.0,1,20765.83,317.1,57.07,2,3,TRUE,REFUND_CHARGEBACK_DOUBLE_DIP,HIGH,DIAGNOSED,21140.0,2026-08-03T09:05:00
PAY-000005,mer_fashion_hub,ORD-000005,UPI,CAPTURED,FULFILLED,586900,5869.0,586900,5869.0,1,5799.75,58.69,10.56,0,1,TRUE,SETTLEMENT_SLA_BREACH,MEDIUM,DIAGNOSED,5869.0,2026-08-03T09:10:00
PAY-000006,mer_groceries_express,ORD-000006,UPI,CAPTURED,FULFILLED,1222300,12223.0,1222300,12223.0,1,12078.77,122.23,22.0,0,1,TRUE,SETTLEMENT_SLA_BREACH,MEDIUM,DIAGNOSED,12223.0,2026-08-06T09:10:00
PAY-000007,mer_tech_gadgets,ORD-000007,CARD,CAPTURED,FULFILLED,1000000,10000.0,1000000,10000.0,3,9823.0,150.0,27.0,0,3,TRUE,PARTIAL_SETTLEMENT,LOW,DIAGNOSED,0.0,2026-08-01T12:05:00
PAY-000008,mer_tech_gadgets,ORD-000008,CARD,CAPTURED,FULFILLED,1000000,10000.0,1000000,10000.0,3,9823.0,150.0,27.0,0,3,TRUE,PARTIAL_SETTLEMENT,LOW,DIAGNOSED,0.0,2026-08-03T12:05:00
PAY-000009,mer_groceries_express,ORD-000009,UPI,CAPTURED,FULFILLED,1103900,11039.0,1103900,11039.0,0,0.0,0.0,0.0,0,0,TRUE,MISSING_UNALLOCATED_SETTLEMENT,MEDIUM,DIAGNOSED,11039.0,2026-08-01T14:03:00
PAY-000010,mer_travel_hub,ORD-000010,UPI,CAPTURED,FULFILLED,3577000,35770.0,3577000,35770.0,0,0.0,0.0,0.0,0,0,TRUE,MISSING_UNALLOCATED_SETTLEMENT,HIGH,DIAGNOSED,35770.0,2026-08-03T14:03:00
PAY-000011,mer_retail_kart,ORD-000011,CARD,CAPTURED,FULFILLED,1740300,17403.0,1740300,17403.0,1,17094.98,261.04,46.98,0,1,TRUE,LEGITIMATE_TIMING_EXCEPTION,LOW,DIAGNOSED,0.0,2026-08-07T19:35:00
PAY-000012,mer_health_plus,ORD-000012,CARD,CAPTURED,FULFILLED,1130000,11300.0,1130000,11300.0,1,11099.99,169.5,30.51,0,1,TRUE,LEGITIMATE_TIMING_EXCEPTION,LOW,DIAGNOSED,0.0,2026-08-14T19:35:00
PAY-000013,mer_travel_hub,ORD-000013,UPI,CAPTURED,FULFILLED,1575600,15756.0,1575600,15756.0,1,15477.12,236.34,42.54,0,1,FALSE,NORMAL,NONE,RECONCILED,0.0,2026-08-01T09:13:00
PAY-000014,mer_travel_hub,ORD-000014,NETBANKING,CAPTURED,FULFILLED,1423000,14230.0,1423000,14230.0,1,13978.13,213.45,38.42,0,1,FALSE,NORMAL,NONE,RECONCILED,0.0,2026-08-01T11:47:00
PAY-000015,mer_tech_gadgets,ORD-000015,NETBANKING,CAPTURED,FULFILLED,3079400,30794.0,3079400,30794.0,1,30248.95,461.91,83.14,0,1,FALSE,NORMAL,NONE,RECONCILED,0.0,2026-08-01T13:29:00
PAY-000016,mer_retail_kart,ORD-000016,CARD,FAILED,CANCELLED,260300,2603.0,260300,2603.0,0,0.0,0.0,0.0,0,0,FALSE,NORMAL,NONE,RECONCILED,0.0,2026-08-01T15:27:00
PAY-000017,mer_fashion_hub,ORD-000017,NETBANKING,CAPTURED,FULFILLED,1443400,14434.0,1443400,14434.0,1,14178.52,216.51,38.97,0,1,FALSE,NORMAL,NONE,RECONCILED,0.0,2026-08-01T17:49:00
PAY-000018,mer_tech_gadgets,ORD-000018,UPI,CAPTURED,FULFILLED,3881100,38811.0,3881100,38811.0,1,38124.06,582.16,104.78,0,1,FALSE,NORMAL,NONE,RECONCILED,0.0,2026-08-01T19:37:00
PAY-000019,mer_retail_kart,ORD-000019,NETBANKING,CAPTURED,FULFILLED,768500,7685.0,768500,7685.0,1,7548.99,115.27,20.74,0,1,FALSE,NORMAL,NONE,RECONCILED,0.0,2026-08-01T21:12:00
PAY-000020,mer_groceries_express,ORD-000020,UPI,CAPTURED,FULFILLED,3675600,36756.0,3675600,36756.0,1,36105.42,551.34,99.24,0,1,FALSE,NORMAL,NONE,RECONCILED,0.0,2026-08-01T23:02:00
PAY-000021,mer_travel_hub,ORD-000021,NETBANKING,CAPTURED,FULFILLED,1086500,10865.0,1086500,10865.0,1,10672.7,162.97,29.33,0,1,FALSE,NORMAL,NONE,RECONCILED,0.0,2026-08-02T01:30:00
PAY-000022,mer_retail_kart,ORD-000022,CARD,CAPTURED,FULFILLED,4237400,42374.0,4237400,42374.0,1,41623.99,635.61,114.4,0,1,FALSE,NORMAL,NONE,RECONCILED,0.0,2026-08-02T03:42:00
PAY-000023,mer_fashion_hub,ORD-000023,CARD,CAPTURED,FULFILLED,3975200,39752.0,3975200,39752.0,1,39048.39,596.28,107.33,0,1,FALSE,NORMAL,NONE,RECONCILED,0.0,2026-08-02T05:28:00
PAY-000024,mer_travel_hub,ORD-000024,CARD,DISPUTED,FULFILLED,429600,4296.0,429600,4296.0,1,4219.97,64.44,11.59,1,2,FALSE,NORMAL,NONE,RECONCILED,0.0,2026-08-02T07:25:00
PAY-000025,mer_fashion_hub,ORD-000025,UPI,DISPUTED,FULFILLED,891400,8914.0,891400,8914.0,1,8756.23,133.71,24.06,1,2,FALSE,NORMAL,NONE,RECONCILED,0.0,2026-08-02T09:50:00
PAY-000026,mer_fashion_hub,ORD-000026,NETBANKING,DISPUTED,FULFILLED,2092800,20928.0,2092800,20928.0,1,20557.58,313.92,56.5,1,2,FALSE,NORMAL,NONE,RECONCILED,0.0,2026-08-02T11:31:00
PAY-000027,mer_travel_hub,ORD-000027,CARD,CAPTURED,FULFILLED,3905500,39055.0,3905500,39055.0,1,38363.74,585.82,105.44,0,1,FALSE,NORMAL,NONE,RECONCILED,0.0,2026-08-02T13:39:00
PAY-000028,mer_tech_gadgets,ORD-000028,CARD,CAPTURED,FULFILLED,255800,2558.0,255800,2558.0,1,2512.73,38.37,6.9,0,1,FALSE,NORMAL,NONE,RECONCILED,0.0,2026-08-02T15:23:00
PAY-000029,mer_fashion_hub,ORD-000029,UPI,CAPTURED,FULFILLED,3792300,37923.0,3792300,37923.0,1,37251.77,568.84,102.39,0,1,FALSE,NORMAL,NONE,RECONCILED,0.0,2026-08-02T17:44:00
PAY-000030,mer_retail_kart,ORD-000030,NETBANKING,CAPTURED,FULFILLED,2371900,23719.0,2371900,23719.0,1,23299.18,355.78,64.04,0,1,FALSE,NORMAL,NONE,RECONCILED,0.0,2026-08-02T19:34:00
PAY-000031,mer_health_plus,ORD-000031,CARD,CAPTURED,FULFILLED,447200,4472.0,447200,4472.0,1,4392.85,67.08,12.07,0,1,FALSE,NORMAL,NONE,RECONCILED,0.0,2026-08-02T21:31:00
PAY-000032,mer_tech_gadgets,ORD-000032,CARD,CAPTURED,FULFILLED,1252500,12525.0,1252500,12525.0,1,12303.32,187.87,33.81,0,1,FALSE,NORMAL,NONE,RECONCILED,0.0,2026-08-02T23:25:00
PAY-000033,mer_fashion_hub,ORD-000033,CARD,REFUNDED,FULFILLED,381500,3815.0,381500,3815.0,1,3747.49,57.22,10.29,1,2,FALSE,NORMAL,NONE,RECONCILED,0.0,2026-08-03T01:50:00
PAY-000034,mer_groceries_express,ORD-000034,UPI,CAPTURED,FULFILLED,1450800,14508.0,1450800,14508.0,1,14251.21,217.62,39.17,0,1,FALSE,NORMAL,NONE,RECONCILED,0.0,2026-08-03T03:26:00
PAY-000035,mer_groceries_express,ORD-000035,CARD,CAPTURED,FULFILLED,2822200,28222.0,2822200,28222.0,1,27722.48,423.33,76.19,0,1,FALSE,NORMAL,NONE,RECONCILED,0.0,2026-08-03T05:53:00
PAY-000036,mer_retail_kart,ORD-000036,NETBANKING,CAPTURED,FULFILLED,2105200,21052.0,2105200,21052.0,1,20679.38,315.78,56.84,0,1,FALSE,NORMAL,NONE,RECONCILED,0.0,2026-08-03T07:04:00
PAY-000037,mer_fashion_hub,ORD-000037,NETBANKING,CAPTURED,FULFILLED,1267800,12678.0,1267800,12678.0,1,12453.6,190.17,34.23,0,1,FALSE,NORMAL,NONE,RECONCILED,0.0,2026-08-03T09:14:00
PAY-000038,mer_fashion_hub,ORD-000038,UPI,CAPTURED,FULFILLED,3844000,38440.0,3844000,38440.0,1,37759.62,576.6,103.78,0,1,FALSE,NORMAL,NONE,RECONCILED,0.0,2026-08-03T11:39:00
PAY-000039,mer_travel_hub,ORD-000039,UPI,CAPTURED,FULFILLED,1388600,13886.0,1388600,13886.0,1,13640.22,208.29,37.49,0,1,FALSE,NORMAL,NONE,RECONCILED,0.0,2026-08-03T13:48:00
PAY-000040,mer_travel_hub,ORD-000040,UPI,CAPTURED,FULFILLED,2122000,21220.0,2122000,21220.0,1,20844.41,318.3,57.29,0,1,FALSE,NORMAL,NONE,RECONCILED,0.0,2026-08-03T15:50:00
PAY-000041,mer_retail_kart,ORD-000041,CARD,DISPUTED,FULFILLED,3365300,33653.0,3365300,33653.0,1,33057.35,504.79,90.86,1,2,FALSE,NORMAL,NONE,RECONCILED,0.0,2026-08-03T17:19:00
PAY-000042,mer_fashion_hub,ORD-000042,NETBANKING,CAPTURED,FULFILLED,4058600,40586.0,4058600,40586.0,1,39867.63,608.79,109.58,0,1,FALSE,NORMAL,NONE,RECONCILED,0.0,2026-08-03T19:50:00
PAY-000043,mer_health_plus,ORD-000043,NETBANKING,CAPTURED,FULFILLED,930000,9300.0,930000,9300.0,1,9135.39,139.5,25.11,0,1,FALSE,NORMAL,NONE,RECONCILED,0.0,2026-08-03T21:18:00
PAY-000044,mer_fashion_hub,ORD-000044,UPI,CAPTURED,FULFILLED,2297100,22971.0,2297100,22971.0,1,22564.42,344.56,62.02,0,1,FALSE,NORMAL,NONE,RECONCILED,0.0,2026-08-03T23:18:00
PAY-000045,mer_retail_kart,ORD-000045,CARD,REFUNDED,FULFILLED,4206800,42068.0,4206800,42068.0,1,41323.4,631.02,113.58,1,2,FALSE,NORMAL,NONE,RECONCILED,0.0,2026-08-04T01:32:00
PAY-000046,mer_travel_hub,ORD-000046,CARD,CAPTURED,FULFILLED,2945600,29456.0,2945600,29456.0,1,28934.63,441.84,79.53,0,1,FALSE,NORMAL,NONE,RECONCILED,0.0,2026-08-04T03:42:00
PAY-000047,mer_tech_gadgets,ORD-000047,UPI,CAPTURED,FULFILLED,2469600,24696.0,2469600,24696.0,1,24258.89,370.44,66.67,0,1,FALSE,NORMAL,NONE,RECONCILED,0.0,2026-08-04T05:46:00
PAY-000048,mer_retail_kart,ORD-000048,UPI,CAPTURED,FULFILLED,1426700,14267.0,1426700,14267.0,1,14014.48,214.0,38.52,0,1,FALSE,NORMAL,NONE,RECONCILED,0.0,2026-08-04T07:47:00
PAY-000049,mer_groceries_express,ORD-000049,CARD,REFUNDED,FULFILLED,1601400,16014.0,1601400,16014.0,1,15730.56,240.21,43.23,1,2,FALSE,NORMAL,NONE,RECONCILED,0.0,2026-08-04T09:13:00
PAY-000050,mer_groceries_express,ORD-000050,CARD,FAILED,CANCELLED,1798500,17985.0,1798500,17985.0,0,0.0,0.0,0.0,0,0,FALSE,NORMAL,NONE,RECONCILED,0.0,2026-08-04T11:12:00
PAY-000051,mer_tech_gadgets,ORD-000051,CARD,REFUNDED,FULFILLED,3066600,30666.0,3066600,30666.0,1,30123.22,459.99,82.79,1,2,FALSE,NORMAL,NONE,RECONCILED,0.0,2026-08-04T13:27:00
PAY-000052,mer_travel_hub,ORD-000052,NETBANKING,CAPTURED,FULFILLED,1879200,18792.0,1879200,18792.0,1,18459.39,281.88,50.73,0,1,FALSE,NORMAL,NONE,RECONCILED,0.0,2026-08-04T15:31:00
PAY-000053,mer_retail_kart,ORD-000053,CARD,CAPTURED,FULFILLED,1761800,17618.0,1761800,17618.0,1,17306.17,264.27,47.56,0,1,FALSE,NORMAL,NONE,RECONCILED,0.0,2026-08-04T17:21:00
PAY-000054,mer_health_plus,ORD-000054,UPI,CAPTURED,FULFILLED,2909900,29099.0,2909900,29099.0,1,28583.96,436.48,78.56,0,1,FALSE,NORMAL,NONE,RECONCILED,0.0,2026-08-04T19:47:00
PAY-000055,mer_health_plus,ORD-000055,UPI,CAPTURED,FULFILLED,61000,610.0,61000,610.0,1,599.21,9.15,1.64,0,1,FALSE,NORMAL,NONE,RECONCILED,0.0,2026-08-04T21:42:00
PAY-000056,mer_travel_hub,ORD-000056,UPI,REFUNDED,FULFILLED,4397500,43975.0,4397500,43975.0,1,43196.65,659.62,118.73,1,2,FALSE,NORMAL,NONE,RECONCILED,0.0,2026-08-04T23:12:00
PAY-000057,mer_travel_hub,ORD-000057,NETBANKING,CAPTURED,FULFILLED,1307200,13072.0,1307200,13072.0,1,12840.63,196.08,35.29,0,1,FALSE,NORMAL,NONE,RECONCILED,0.0,2026-08-05T01:33:00
PAY-000058,mer_retail_kart,ORD-000058,UPI,CAPTURED,FULFILLED,1930300,19303.0,1930300,19303.0,1,18961.35,289.54,52.11,0,1,FALSE,NORMAL,NONE,RECONCILED,0.0,2026-08-05T03:20:00
PAY-000059,mer_fashion_hub,ORD-000059,NETBANKING,CAPTURED,FULFILLED,1162000,11620.0,1162000,11620.0,1,11414.33,174.3,31.37,0,1,FALSE,NORMAL,NONE,RECONCILED,0.0,2026-08-05T05:44:00
PAY-000060,mer_retail_kart,ORD-000060,CARD,CAPTURED,FULFILLED,4459200,44592.0,4459200,44592.0,1,43802.73,668.88,120.39,0,1,FALSE,NORMAL,NONE,RECONCILED,0.0,2026-08-05T07:23:00
